{
 "color_ir": [
  [
   0.9999414245144126,
   -0.0037285226427599223,
   -0.006683574896882698,
   51.56535410363723
  ],
  [
   0.0036709070831910983,
   0.9999678224799214,
   -0.004324456714121043,
   -0.690797434823698
  ],
  [
   0.006715392444704288,
   0.004274880534957171,
   0.9999366248843202,
   1.6719174435246276
  ],
  [
   0.0,
   0.0,
   0.0,
   1.0
  ]
 ],
 "web_cam_ir": [
  [
   -0.9291041152954944,
   0.10715926954168417,
   -0.3538698325750331,
   646.2919021576847
  ],
  [
   0.026482241946552347,
   0.9738756802693683,
   0.22546102262094098,
   -462.0583347061749
  ],
  [
   0.36877507321019565,
   0.20008580065051484,
   -0.9076933637750018,
   2145.0817506436997
  ],
  [
   0.0,
   0.0,
   0.0,
   1.0
  ]
 ],
 "wall_ir": [
  [
   0.034795196227444994,
   -0.999203935977735,
   -0.01795029694764677,
   578.9091782609205
  ],
  [
   0.9975594378343976,
   0.03367266776839008,
   0.0609027250030858,
   -913.144126584343
  ],
  [
   -0.060274807291711224,
   -0.020042615552198606,
   0.9979488293755819,
   -2031.626215876906
  ],
  [
   0.0,
   0.0,
   0.0,
   1.0
  ]
 ],
 "basler_ir": [
  [
   0.9994588615126585,
   -0.0036633003411678557,
   -0.031780322352732586,
   185.437215950817
  ],
  [
   0.002754116476887163,
   0.999596328778319,
   -0.027702288989546003,
   -47.04935833488886
  ],
  [
   0.031885243727012,
   0.027575312620331034,
   0.999079355332038,
   -12.896655142919263
  ],
  [
   0.0,
   0.0,
   0.0,
   1.0
  ]
 ]
}