{
    "extrinsic_matrix_color_ir": [
        [
            0.9999414245144126,
            -0.0037285226427599223,
            -0.006683574896882698,
            51.56535410363723
        ],
        [
            0.0036709070831910983,
            0.9999678224799214,
            -0.004324456714121043,
            -0.690797434823698
        ],
        [
            0.006715392444704288,
            0.004274880534957171,
            0.9999366248843202,
            1.6719174435246276
        ],
        [
            0.0,
            0.0,
            0.0,
            1.0
        ]
    ],
    "extrinsic_matrix_web_cam_ir": [
        [
            -0.9315546843823621,
            0.10649207766234488,
            -0.3475726282589688,
            806.7351580021312
        ],
        [
            0.016181949608432313,
            0.9672934918812026,
            0.2530795676285649,
            -654.4282069567972
        ],
        [
            0.3631454603073536,
            0.23011392080755758,
            -0.9028341946299185,
            2069.8317338464776
        ],
        [
            0.0,
            0.0,
            0.0,
            1.0
        ]
    ],
    "extrinsic_matrix_wall_ir": [
        [
            0.004811802776979582,
            -0.9987776484161077,
            -0.048595062432694625,
            723.70009923999
        ],
        [
            0.9986756471171803,
            0.0073025961639289205,
            -0.05061073427909077,
            -846.6814039243909
        ],
        [
            0.0508797580630774,
            -0.048303908124667116,
            0.9975041892461639,
            -2054.0574905871717
        ],
        [
            0.0,
            0.0,
            0.0,
            1.0
        ]
    ],
    "extrinsic_matrix_basler_ir": [
        [
            0.9999516684946373,
            -0.006055521353659085,
            -0.0011898950957347255,
            139.18439482757645
        ],
        [
            0.005997607620277957,
            0.9996975617823911,
            -0.023165408459530332,
            -44.49536245097598
        ],
        [
            0.0013455916070860786,
            0.023132592048717305,
            0.9996998036674084,
            -10.472845988965542
        ],
        [
            0.0,
            0.0,
            0.0,
            1.0
        ]
    ]
}